index	name	url	http_code	file
1	All Types	https://api3.islamhouse.com/v3/paV29H2gm56kvLPy/main/sitecontent/ar/ar/json	200	01_all_types.json
2	All categories	https://api3.islamhouse.com/v3/paV29H2gm56kvLPy/categories/showall/ar/json	200	02_all_categories.json
3	All categories tree	https://api3.islamhouse.com/v3/paV29H2gm56kvLPy/main/get-object-category-tree/ar/json	200	03_all_categories_tree.json
4	Child categories	https://api3.islamhouse.com/v3/paV29H2gm56kvLPy/categories/viewcat/5366/ar/ar/json	200	04_child_categories.json
5	Single category (basic)	https://api3.islamhouse.com/v3/paV29H2gm56kvLPy/categories/viewitem/5366/ar/json	200	05_single_category_basic.json
6	Single category (With subs)	https://api3.islamhouse.com/v3/paV29H2gm56kvLPy/main/get-sub-categories/1/ar/json	200	06_single_category_with_subs.json
7	Available types (By category ID)	https://api3.islamhouse.com/v3/paV29H2gm56kvLPy/main/get-category-types-available/5366/ar/ar/json	200	07_available_types_by_category_id.json
8	Source languages (By category ID)	https://api3.islamhouse.com/v3/paV29H2gm56kvLPy/main/get-category-source-languages/5366/showall/ar/json	200	08_source_languages_by_category_id.json
9	List Items by type and language	https://api3.islamhouse.com/v3/paV29H2gm56kvLPy/main/showall/ar/showall/1/25/json	200	09_list_items_by_type_and_language.json
10	List Items by author id	https://api3.islamhouse.com/v3/paV29H2gm56kvLPy/main/get-author-items/6891/showall/ar/ar/1/20/json	200	10_list_items_by_author_id.json
11	List Items by category id	https://api3.islamhouse.com/v3/paV29H2gm56kvLPy/main/get-category-items/5366/showall/ar/ar/1/20/json	200	11_list_items_by_category_id.json
12	List items by date (recent additions)	https://api3.islamhouse.com/v3/paV29H2gm56kvLPy/main/get-latest/month/showall/ar/ar/1/25/json	200	12_list_items_by_date_recent_additions.json
13	Highlighted Items	https://api3.islamhouse.com/v3/paV29H2gm56kvLPy/main/get-highlights/ar/ar/json	200	13_highlighted_items.json
14	Items count	https://api3.islamhouse.com/v3/paV29H2gm56kvLPy/main/get-language-items-count/videos/ar/ar/json	200	14_items_count.json
15	Item details	https://api3.islamhouse.com/v3/paV29H2gm56kvLPy/main/get-item/2522/ar/json	200	15_item_details.json
16	Item attachments	https://api3.islamhouse.com/v3/paV29H2gm56kvLPy/main/check-attachment/1891/json	200	16_item_attachments.json
17	Item category(ies) tree	https://api3.islamhouse.com/v3/paV29H2gm56kvLPy/main/get-item-tree/2522/ar/json	200	17_item_category_ies_tree.json
18	Item card translations	https://api3.islamhouse.com/v3/paV29H2gm56kvLPy/main/get-item-card-translations/1/ar/json	200	18_item_card_translations.json
19	Item translations	https://api3.islamhouse.com/v3/paV29H2gm56kvLPy/main/get-item-translations/2522/ar/json	200	19_item_translations.json
20	List authors/sources	https://api3.islamhouse.com/v3/paV29H2gm56kvLPy/main/get-authors-data/showall/showall/countdesc/ar/1/20/json	200	20_list_authors_sources.json
21	Author/Source details	https://api3.islamhouse.com/v3/paV29H2gm56kvLPy/main/get-author/6891/ar/json	200	21_author_source_details.json
22	Single author card (By language code)	https://api3.islamhouse.com/v3/paV29H2gm56kvLPy/main/get-author-card-translations/6891/ar/json	200	22_single_author_card_by_language_code.json
23	Available types	https://api3.islamhouse.com/v3/paV29H2gm56kvLPy/main/get-author-types-avaliable/6891/ar/ar/json	200	23_available_types.json
24	Available locales	https://api3.islamhouse.com/v3/paV29H2gm56kvLPy/main/get-author-available-languages/6891/showall/ar/json	200	24_available_locales.json
25	Keys (locales)	https://api3.islamhouse.com/v3/paV29H2gm56kvLPy/languages/get-language-details/json	200	25_keys_locales.json
26	Terms and sentences	https://api3.islamhouse.com/v3/paV29H2gm56kvLPy/languages/get-language-terms/ar/json	200	26_terms_and_sentences.json
27	Available languages (of certain another language)	https://api3.islamhouse.com/v3/paV29H2gm56kvLPy/main/get-available-languages/showall/ar/json	200	27_available_languages_of_certain_another_language.json
28	Quran categories	https://api3.islamhouse.com/v3/paV29H2gm56kvLPy/quran/get-categories/ar/json	200	28_quran_categories.json
29	Single category	https://api3.islamhouse.com/v3/paV29H2gm56kvLPy/quran/get-category/364794/ar/json	200	29_single_category.json
30	Author details	https://api3.islamhouse.com/v3/paV29H2gm56kvLPy/quran/get-author/8195/ar/json	200	30_author_details.json
31	Author recitations	https://api3.islamhouse.com/v3/paV29H2gm56kvLPy/quran/get-author-recitations/8195/ar/json	200	31_author_recitations.json
32	Sura details	https://api3.islamhouse.com/v3/paV29H2gm56kvLPy/quran/get-sura/3/ar/json	200	32_sura_details.json
33	Sure recitations	https://api3.islamhouse.com/v3/paV29H2gm56kvLPy/quran/get-sura-recitations/3/ar/json	200	33_sure_recitations.json
34	Recitation details	https://api3.islamhouse.com/v3/paV29H2gm56kvLPy/quran/get-recitation/228065/ar/json	200	34_recitation_details.json
35	Statistics and site contents	http://api3.islamhouse.com/v3/paV29H2gm56kvLPy/main/home/json	200	35_statistics_and_site_contents.json
36	Footer content	https://api3.islamhouse.com/v3/paV29H2gm56kvLPy/main/get-footer/ar/json	200	36_footer_content.json
37	Social links	https://api3.islamhouse.com/v3/paV29H2gm56kvLPy/languages/get-social/ar/json	200	37_social_links.json
